l,old,new
0,0.000645,0.002005
1,0.004577,0.006622
2,0.017677,0.014134
3,0.049925,0.024516
4,0.114798,0.037732
5,0.230900,0.054001
6,0.418434,0.073184
7,0.703679,0.096786
8,1.119336,0.129481
9,1.692747,0.159533
10,2.446453,0.192791
11,3.395580,0.230535
12,4.665725,0.270456
13,6.261898,0.313708
14,8.231827,0.363096
15,10.645083,0.408810
16,13.754764,0.462994
17,17.012827,0.520199
18,21.165062,0.580546
19,25.902614,0.622901
20,31.678325,0.657562
